date,release,file,downloads
2026-10-02,v0.17.0,Sweeter-0.17.0.zip,1
2026-10-02,v0.17.1,Sweeter-0.17.1.zip,0
2026-10-02,v0.17.2,Sweeter-0.17.2.zip,0
2026-10-03,v0.17.0,Sweeter-0.17.0.zip,1
2026-10-03,v0.17.1,Sweeter-0.17.1.zip,0
2026-10-03,v0.17.2,Sweeter-0.17.2.zip,5
2026-10-03,v0.17.3,Sweeter-0.17.3.zip,0
2026-10-03,v0.17.4,Sweeter-0.17.4.zip,0
2026-10-03,v0.17.5,Sweeter-0.17.5.zip,0
2026-10-03,v0.17.6,Sweeter-0.17.6.zip,0
2026-10-03,v0.18.0,Sweeter-0.18.0.zip,0
2026-10-03,v0.18.1,Sweeter-0.18.1.zip,0
2026-10-03,v0.18.2,Sweeter-0.18.2.zip,2
2026-10-03,v0.18.3,Sweeter-0.18.3.zip,0
2026-10-04,v0.17.0,Sweeter-0.17.0.zip,1
2026-10-04,v0.17.1,Sweeter-0.17.1.zip,0
2026-10-04,v0.17.2,Sweeter-0.17.2.zip,5
2026-10-04,v0.17.3,Sweeter-0.17.3.zip,0
2026-10-04,v0.17.4,Sweeter-0.17.4.zip,0
2026-10-04,v0.17.5,Sweeter-0.17.5.zip,0
2026-10-04,v0.17.6,Sweeter-0.17.6.zip,0
2026-10-04,v0.18.0,Sweeter-0.18.0.zip,0
2026-10-04,v0.18.1,Sweeter-0.18.1.zip,0
2026-10-04,v0.18.2,Sweeter-0.18.2.zip,2
2026-10-04,v0.18.3,Sweeter-0.18.3.zip,1
2026-10-04,v0.19.0,Sweeter-0.19.0.zip,3
2026-10-04,v0.19.1,Sweeter-0.19.1.zip,1
2026-10-05,v0.17.0,Sweeter-0.17.0.zip,1
2026-10-05,v0.17.1,Sweeter-0.17.1.zip,0
2026-10-05,v0.17.2,Sweeter-0.17.2.zip,5
2026-10-05,v0.17.3,Sweeter-0.17.3.zip,0
2026-10-05,v0.17.4,Sweeter-0.17.4.zip,0
2026-10-05,v0.17.5,Sweeter-0.17.5.zip,0
2026-10-05,v0.17.6,Sweeter-0.17.6.zip,0
2026-10-05,v0.18.0,Sweeter-0.18.0.zip,0
2026-10-05,v0.18.1,Sweeter-0.18.1.zip,0
2026-10-05,v0.18.2,Sweeter-0.18.2.zip,3
2026-10-05,v0.18.3,Sweeter-0.18.3.zip,1
2026-10-05,v0.19.0,Sweeter-0.19.0.zip,3
2026-10-05,v0.19.1,Sweeter-0.19.1.zip,1
2026-10-05,v0.20.0,Sweeter-0.20.0.zip,0
2026-10-05,v0.20.1,Sweeter-0.20.1.zip,0
2026-10-05,v0.20.2,Sweeter-0.20.2.zip,0
2026-10-05,v0.20.3,Sweeter-0.20.3.zip,1
2026-10-06,v0.17.0,Sweeter-0.17.0.zip,1
2026-10-06,v0.17.1,Sweeter-0.17.1.zip,0
2026-10-06,v0.17.2,Sweeter-0.17.2.zip,5
2026-10-06,v0.17.3,Sweeter-0.17.3.zip,0
2026-10-06,v0.17.4,Sweeter-0.17.4.zip,0
2026-10-06,v0.17.5,Sweeter-0.17.5.zip,0
2026-10-06,v0.17.6,Sweeter-0.17.6.zip,0
2026-10-06,v0.18.0,Sweeter-0.18.0.zip,0
2026-10-06,v0.18.1,Sweeter-0.18.1.zip,0
2026-10-06,v0.18.2,Sweeter-0.18.2.zip,3
2026-10-06,v0.18.3,Sweeter-0.18.3.zip,1
2026-10-06,v0.19.0,Sweeter-0.19.0.zip,3
2026-10-06,v0.19.1,Sweeter-0.19.1.zip,1
2026-10-06,v0.20.0,Sweeter-0.20.0.zip,0
2026-10-06,v0.20.1,Sweeter-0.20.1.zip,0
2026-10-06,v0.20.2,Sweeter-0.20.2.zip,0
2026-10-06,v0.20.3,Sweeter-0.20.3.zip,1
2026-10-06,v0.20.4,Sweeter-0.20.4.zip,1
2026-10-06,v0.21.0,Sweeter-0.21.0.zip,0
2026-10-07,v0.17.0,Sweeter-0.17.0.zip,1
2026-10-07,v0.17.1,Sweeter-0.17.1.zip,0
2026-10-07,v0.17.2,Sweeter-0.17.2.zip,5
2026-10-07,v0.17.3,Sweeter-0.17.3.zip,0
2026-10-07,v0.17.4,Sweeter-0.17.4.zip,0
2026-10-07,v0.17.5,Sweeter-0.17.5.zip,0
2026-10-07,v0.17.6,Sweeter-0.17.6.zip,0
2026-10-07,v0.18.0,Sweeter-0.18.0.zip,0
2026-10-07,v0.18.1,Sweeter-0.18.1.zip,0
2026-10-07,v0.18.2,Sweeter-0.18.2.zip,3
2026-10-07,v0.18.3,Sweeter-0.18.3.zip,1
2026-10-07,v0.19.0,Sweeter-0.19.0.zip,3
2026-10-07,v0.19.1,Sweeter-0.19.1.zip,1
2026-10-07,v0.20.0,Sweeter-0.20.0.zip,0
2026-10-07,v0.20.1,Sweeter-0.20.1.zip,0
2026-10-07,v0.20.2,Sweeter-0.20.2.zip,0
2026-10-07,v0.20.3,Sweeter-0.20.3.zip,1
2026-10-07,v0.20.4,Sweeter-0.20.4.zip,1
2026-10-07,v0.21.0,Sweeter-0.21.0.zip,0
2026-10-07,v0.22.0,Sweeter-0.22.0.zip,1
2026-10-07,v0.23.0,Sweeter-0.23.0.zip,2
2026-10-08,v0.17.0,Sweeter-0.17.0.zip,1
2026-10-08,v0.17.1,Sweeter-0.17.1.zip,0
2026-10-08,v0.17.2,Sweeter-0.17.2.zip,5
2026-10-08,v0.17.3,Sweeter-0.17.3.zip,0
2026-10-08,v0.17.4,Sweeter-0.17.4.zip,0
2026-10-08,v0.17.5,Sweeter-0.17.5.zip,0
2026-10-08,v0.17.6,Sweeter-0.17.6.zip,0
2026-10-08,v0.18.0,Sweeter-0.18.0.zip,0
2026-10-08,v0.18.1,Sweeter-0.18.1.zip,0
2026-10-08,v0.18.2,Sweeter-0.18.2.zip,3
2026-10-08,v0.18.3,Sweeter-0.18.3.zip,1
2026-10-08,v0.19.0,Sweeter-0.19.0.zip,3
2026-10-08,v0.19.1,Sweeter-0.19.1.zip,1
2026-10-08,v0.20.0,Sweeter-0.20.0.zip,0
2026-10-08,v0.20.1,Sweeter-0.20.1.zip,0
2026-10-08,v0.20.2,Sweeter-0.20.2.zip,0
2026-10-08,v0.20.3,Sweeter-0.20.3.zip,1
2026-10-08,v0.20.4,Sweeter-0.20.4.zip,1
2026-10-08,v0.21.0,Sweeter-0.21.0.zip,0
2026-10-08,v0.22.0,Sweeter-0.22.0.zip,1
2026-10-08,v0.23.0,Sweeter-0.23.0.zip,3
2026-10-08,v0.23.1,Sweeter-0.23.1.zip,2
2026-10-08,v0.23.2,Sweeter-0.23.2.zip,2
2026-10-09,v0.17.0,Sweeter-0.17.0.zip,1
2026-10-09,v0.17.1,Sweeter-0.17.1.zip,0
2026-10-09,v0.17.2,Sweeter-0.17.2.zip,5
2026-10-09,v0.17.3,Sweeter-0.17.3.zip,0
2026-10-09,v0.17.4,Sweeter-0.17.4.zip,0
2026-10-09,v0.17.5,Sweeter-0.17.5.zip,0
2026-10-09,v0.17.6,Sweeter-0.17.6.zip,0
2026-10-09,v0.18.0,Sweeter-0.18.0.zip,0
2026-10-09,v0.18.1,Sweeter-0.18.1.zip,0
2026-10-09,v0.18.2,Sweeter-0.18.2.zip,3
2026-10-09,v0.18.3,Sweeter-0.18.3.zip,1
2026-10-09,v0.19.0,Sweeter-0.19.0.zip,3
2026-10-09,v0.19.1,Sweeter-0.19.1.zip,1
2026-10-09,v0.20.0,Sweeter-0.20.0.zip,0
2026-10-09,v0.20.1,Sweeter-0.20.1.zip,0
2026-10-09,v0.20.2,Sweeter-0.20.2.zip,0
2026-10-09,v0.20.3,Sweeter-0.20.3.zip,1
2026-10-09,v0.20.4,Sweeter-0.20.4.zip,1
2026-10-09,v0.21.0,Sweeter-0.21.0.zip,0
2026-10-09,v0.22.0,Sweeter-0.22.0.zip,1
2026-10-09,v0.23.0,Sweeter-0.23.0.zip,3
2026-10-09,v0.23.1,Sweeter-0.23.1.zip,2
2026-10-09,v0.23.2,Sweeter-0.23.2.zip,2
2026-10-10,v0.17.0,Sweeter-0.17.0.zip,1
2026-10-10,v0.17.1,Sweeter-0.17.1.zip,0
2026-10-10,v0.17.2,Sweeter-0.17.2.zip,5
2026-10-10,v0.17.3,Sweeter-0.17.3.zip,0
2026-10-10,v0.17.4,Sweeter-0.17.4.zip,0
2026-10-10,v0.17.5,Sweeter-0.17.5.zip,0
2026-10-10,v0.17.6,Sweeter-0.17.6.zip,0
2026-10-10,v0.18.0,Sweeter-0.18.0.zip,0
2026-10-10,v0.18.1,Sweeter-0.18.1.zip,0
2026-10-10,v0.18.2,Sweeter-0.18.2.zip,4
2026-10-10,v0.18.3,Sweeter-0.18.3.zip,1
2026-10-10,v0.19.0,Sweeter-0.19.0.zip,3
2026-10-10,v0.19.1,Sweeter-0.19.1.zip,1
2026-10-10,v0.20.0,Sweeter-0.20.0.zip,0
2026-10-10,v0.20.1,Sweeter-0.20.1.zip,0
2026-10-10,v0.20.2,Sweeter-0.20.2.zip,0
2026-10-10,v0.20.3,Sweeter-0.20.3.zip,1
2026-10-10,v0.20.4,Sweeter-0.20.4.zip,1
2026-10-10,v0.21.0,Sweeter-0.21.0.zip,0
2026-10-10,v0.22.0,Sweeter-0.22.0.zip,1
2026-10-10,v0.23.0,Sweeter-0.23.0.zip,3
2026-10-10,v0.23.1,Sweeter-0.23.1.zip,2
2026-10-10,v0.23.2,Sweeter-0.23.2.zip,2
