date,referrer,views_14_days,unique_visitors_14_days
2026-10-03,github.com,9,1
2026-10-04,github.com,9,1
2026-10-04,starl3xx.fun,3,1
2026-10-04,t.co,1,1
2026-10-05,github.com,9,1
2026-10-05,starl3xx.fun,3,1
2026-10-05,t.co,1,1
2026-10-06,github.com,9,1
2026-10-06,starl3xx.fun,6,1
2026-10-06,t.co,3,3
2026-10-07,github.com,9,1
2026-10-07,starl3xx.fun,8,1
2026-10-07,t.co,4,4
2026-10-08,github.com,10,2
2026-10-08,starl3xx.fun,8,1
2026-10-08,t.co,4,4
2026-10-09,github.com,10,2
2026-10-09,starl3xx.fun,8,1
2026-10-09,t.co,7,6
